Year,Local,System
2022,1303036.8708850231,363353.45645443164
2023,2070694.7200389782,588831.0762987582
2024,3152254.8592688786,271121.7274098472
2025,3143397.0003390056,622230.8747458346
